{"mean": [0.14062148332595825, 0.9531572461128235, 0.07969921827316284], "std": [0.21819369494915009, 0.1244923546910286, 0.11423536390066147]}